[
  {
    "key": "static",
    "name": "Static",
    "children": [
      {
        "name": "待办事项列表",
        "href": "https://langnang.github.io/todolist",
        "status": 200
      },
      {
        "name": "调色板",
        "href": "",
        "status": 200
      },
      {
        "name": "脚本",
        "href": "http://script.langnang.ml/html/",
        "status": 200
      }
    ]
  },
  {
    "key": "php",
    "name": "PHP",
    "children": [
      {
        "name": "博客",
        "href": "http://blog.langnang.ml/",
        "status": 200
      },
      {
        "name": "导航",
        "href": "http://nav.langnang.ml/",
        "status": 200
      }
    ]
  },
  {
    "key": "template",
    "name": "Template",
    "children": [
      {
        "name": "Vue",
        "href": "https://github.com/langnang/vue-template",
        "status": 200
      },
      {
        "name": "Vue-Component",
        "href": "https://github.com/langnang/vue-component-template",
        "status": 200
      },
      {
        "name": "AspNetCore-Vue",
        "href": "https://github.com/langnang/aspnetcore-vue-template",
        "status": 200
      }
    ]
  },
  {
    "key": "storage",
    "name": "Storage",
    "children": [
      {
        "name": "视频",
        "href": "http://video-onedrive.langnang.ml/",
        "status": 200
      },
      {
        "name": "图片",
        "href": "http://img-onedrive.langnang.ml/",
        "status": 200
      },
      {
        "name": "共享",
        "href": "http://shared-onedrive.langnang.ml/",
        "status": 200
      }
    ]
  }
]